-- =============================================================================
-- Culuca Demo Seed — RestoOS
-- Restaurante: Culuca Cociña-Bar, A Coruña (Chisco Jiménez)
-- Demo credentials: chisco@culuca.com / culuca2026
-- =============================================================================

-- ─── IDs fijos ────────────────────────────────────────────────────────────────
-- Tenant
-- t: aa000000-0000-0000-0000-000000000001  (Culuca Group)
-- Hotel/Restaurante
-- h: bb000000-0000-0000-0000-000000000001  (Culuca Cociña-Bar)
-- Usuario demo
-- u: cc000000-0000-0000-0000-000000000001  (Chisco — creado via script, no aquí)

-- Categorías
-- cat_carnes:    10000000-cccc-0000-0000-000000000001
-- cat_pescados:  10000000-cccc-0000-0000-000000000002
-- cat_verduras:  10000000-cccc-0000-0000-000000000003
-- cat_lacteos:   10000000-cccc-0000-0000-000000000004
-- cat_bebidas:   10000000-cccc-0000-0000-000000000005
-- cat_especias:  10000000-cccc-0000-0000-000000000006
-- cat_aceites:   10000000-cccc-0000-0000-000000000007
-- cat_congelados:10000000-cccc-0000-0000-000000000008

-- Unidades
-- u_kg:  40000000-aaaa-0000-0000-000000000001
-- u_g:   40000000-aaaa-0000-0000-000000000002
-- u_l:   40000000-aaaa-0000-0000-000000000003
-- u_ml:  40000000-aaaa-0000-0000-000000000004
-- u_ud:  40000000-aaaa-0000-0000-000000000005

-- Proveedores
-- sup_mar:   20000000-bbbb-0000-0000-000000000001  (Pescadería O Porto)
-- sup_car:   20000000-bbbb-0000-0000-000000000002  (Carnicería Rial)
-- sup_ver:   20000000-bbbb-0000-0000-000000000003  (Frutas y Verduras García)
-- sup_dis:   20000000-bbbb-0000-0000-000000000004  (Distribuciones Gallaecia)
-- sup_lac:   20000000-bbbb-0000-0000-000000000005  (Lácteos do Campo)

-- ─── TENANT ───────────────────────────────────────────────────────────────────
INSERT INTO tenants (id, name, slug) VALUES
  ('aa000000-0000-0000-0000-000000000001', 'Culuca Group', 'culuca-group')
ON CONFLICT (id) DO NOTHING;

-- ─── HOTEL (= restaurante en este contexto) ───────────────────────────────────
INSERT INTO hotels (id, tenant_id, name, slug, timezone, currency) VALUES
  ('bb000000-0000-0000-0000-000000000001',
   'aa000000-0000-0000-0000-000000000001',
   'Culuca Cociña-Bar',
   'culuca-cocina-bar',
   'Europe/Madrid',
   'EUR')
ON CONFLICT (id) DO NOTHING;

-- ─── UNIDADES DE MEDIDA ───────────────────────────────────────────────────────
INSERT INTO units_of_measure (id, hotel_id, name, abbreviation, unit_type, is_base, conversion_factor) VALUES
  ('40000000-aaaa-0000-0000-000000000001', 'bb000000-0000-0000-0000-000000000001', 'Kilogramo', 'kg', 'weight', true, 1),
  ('40000000-aaaa-0000-0000-000000000002', 'bb000000-0000-0000-0000-000000000001', 'Gramo',     'g',  'weight', false, 0.001),
  ('40000000-aaaa-0000-0000-000000000003', 'bb000000-0000-0000-0000-000000000001', 'Litro',     'L',  'volume', true, 1),
  ('40000000-aaaa-0000-0000-000000000004', 'bb000000-0000-0000-0000-000000000001', 'Mililitro', 'mL', 'volume', false, 0.001),
  ('40000000-aaaa-0000-0000-000000000005', 'bb000000-0000-0000-0000-000000000001', 'Unidad',    'ud', 'unit',   true, 1)
ON CONFLICT (id) DO NOTHING;

UPDATE units_of_measure SET base_unit_id = '40000000-aaaa-0000-0000-000000000001'
  WHERE id = '40000000-aaaa-0000-0000-000000000002';
UPDATE units_of_measure SET base_unit_id = '40000000-aaaa-0000-0000-000000000003'
  WHERE id = '40000000-aaaa-0000-0000-000000000004';

-- ─── CATEGORÍAS ───────────────────────────────────────────────────────────────
INSERT INTO categories (id, hotel_id, name, sort_order) VALUES
  ('10000000-cccc-0000-0000-000000000001', 'bb000000-0000-0000-0000-000000000001', 'Carnes',               1),
  ('10000000-cccc-0000-0000-000000000002', 'bb000000-0000-0000-0000-000000000001', 'Pescados y Mariscos',  2),
  ('10000000-cccc-0000-0000-000000000003', 'bb000000-0000-0000-0000-000000000001', 'Verduras y Hortalizas',3),
  ('10000000-cccc-0000-0000-000000000004', 'bb000000-0000-0000-0000-000000000001', 'Lácteos y Huevos',     4),
  ('10000000-cccc-0000-0000-000000000005', 'bb000000-0000-0000-0000-000000000001', 'Bebidas',              5),
  ('10000000-cccc-0000-0000-000000000006', 'bb000000-0000-0000-0000-000000000001', 'Especias y Salsas',    6),
  ('10000000-cccc-0000-0000-000000000007', 'bb000000-0000-0000-0000-000000000001', 'Aceites y Condimentos',7),
  ('10000000-cccc-0000-0000-000000000008', 'bb000000-0000-0000-0000-000000000001', 'Congelados',           8)
ON CONFLICT (id) DO NOTHING;

-- ─── PROVEEDORES ──────────────────────────────────────────────────────────────
INSERT INTO suppliers (id, hotel_id, name, contact_name, email, phone, address) VALUES
  ('20000000-bbbb-0000-0000-000000000001', 'bb000000-0000-0000-0000-000000000001',
   'Pescadería O Porto', 'Manuel Pérez', 'oporto@pescados.es', '981 111 222',
   'Mercado de Abastos, A Coruña'),
  ('20000000-bbbb-0000-0000-000000000002', 'bb000000-0000-0000-0000-000000000001',
   'Carnicería Rial', 'Rosa Rial', 'rial@carnes.es', '981 333 444',
   'Polígono de Agrela, A Coruña'),
  ('20000000-bbbb-0000-0000-000000000003', 'bb000000-0000-0000-0000-000000000001',
   'Frutas y Verduras García', 'Juan García', 'info@frutasgarcia.es', '981 555 666',
   'Mercado de Abastos, A Coruña'),
  ('20000000-bbbb-0000-0000-000000000004', 'bb000000-0000-0000-0000-000000000001',
   'Distribuciones Gallaecia', 'Ana Lago', 'pedidos@gallaecia.es', '981 777 888',
   'Polígono de A Grela, A Coruña'),
  ('20000000-bbbb-0000-0000-000000000005', 'bb000000-0000-0000-0000-000000000001',
   'Lácteos do Campo', 'Pedro Campos', 'info@lacteoscampo.es', '981 999 000',
   'Betanzos, A Coruña')
ON CONFLICT (id) DO NOTHING;

-- ─── PRODUCTOS (ingredientes de cocina) ───────────────────────────────────────
INSERT INTO products (id, hotel_id, name, category_id, default_unit_id, allergens, notes) VALUES
  -- Pescados y Mariscos
  ('30000000-cccc-0000-0000-000000000001', 'bb000000-0000-0000-0000-000000000001',
   'Pulpo fresco', '10000000-cccc-0000-0000-000000000002', '40000000-aaaa-0000-0000-000000000001',
   '["Moluscos"]', 'Proveedor: O Porto. Entregar fresco diariamente'),
  ('30000000-cccc-0000-0000-000000000002', 'bb000000-0000-0000-0000-000000000001',
   'Calamar fresco', '10000000-cccc-0000-0000-000000000002', '40000000-aaaa-0000-0000-000000000001',
   '["Moluscos"]', NULL),
  ('30000000-cccc-0000-0000-000000000003', 'bb000000-0000-0000-0000-000000000001',
   'Anchoas del Cantábrico', '10000000-cccc-0000-0000-000000000002', '40000000-aaaa-0000-0000-000000000005',
   '["Pescado"]', 'Lata 50g. Calidad extra'),
  ('30000000-cccc-0000-0000-000000000004', 'bb000000-0000-0000-0000-000000000001',
   'Pescado del día', '10000000-cccc-0000-0000-000000000002', '40000000-aaaa-0000-0000-000000000001',
   '["Pescado"]', 'Variable según mercado'),

  -- Carnes
  ('30000000-cccc-0000-0000-000000000005', 'bb000000-0000-0000-0000-000000000001',
   'Lacón gallego', '10000000-cccc-0000-0000-000000000001', '40000000-aaaa-0000-0000-000000000001',
   '[]', 'DO Lacón Gallego. Proveedor: Rial'),
  ('30000000-cccc-0000-0000-000000000006', 'bb000000-0000-0000-0000-000000000001',
   'Raxo (lomo cerdo)', '10000000-cccc-0000-0000-000000000001', '40000000-aaaa-0000-0000-000000000001',
   '[]', 'Cerdo gallego. Marinar con ajo, pimentón, vino'),
  ('30000000-cccc-0000-0000-000000000007', 'bb000000-0000-0000-0000-000000000001',
   'Morcilla gallega', '10000000-cccc-0000-0000-000000000001', '40000000-aaaa-0000-0000-000000000001',
   '[]', NULL),
  ('30000000-cccc-0000-0000-000000000008', 'bb000000-0000-0000-0000-000000000001',
   'Chorizo gallego', '10000000-cccc-0000-0000-000000000001', '40000000-aaaa-0000-0000-000000000001',
   '[]', NULL),
  ('30000000-cccc-0000-0000-000000000009', 'bb000000-0000-0000-0000-000000000001',
   'Jarrete de vacuno', '10000000-cccc-0000-0000-000000000001', '40000000-aaaa-0000-0000-000000000001',
   '[]', NULL),
  ('30000000-cccc-0000-0000-000000000010', 'bb000000-0000-0000-0000-000000000001',
   'Codillo de cerdo', '10000000-cccc-0000-0000-000000000001', '40000000-aaaa-0000-0000-000000000001',
   '[]', NULL),
  ('30000000-cccc-0000-0000-000000000011', 'bb000000-0000-0000-0000-000000000001',
   'Callos de vacuno', '10000000-cccc-0000-0000-000000000001', '40000000-aaaa-0000-0000-000000000001',
   '[]', 'Limpios y preparados'),

  -- Verduras
  ('30000000-cccc-0000-0000-000000000012', 'bb000000-0000-0000-0000-000000000001',
   'Patata gallega', '10000000-cccc-0000-0000-000000000003', '40000000-aaaa-0000-0000-000000000001',
   '[]', 'Variedad Kennebec o Agria. Proveedor: García'),
  ('30000000-cccc-0000-0000-000000000013', 'bb000000-0000-0000-0000-000000000001',
   'Cebolla', '10000000-cccc-0000-0000-000000000003', '40000000-aaaa-0000-0000-000000000001',
   '[]', NULL),
  ('30000000-cccc-0000-0000-000000000014', 'bb000000-0000-0000-0000-000000000001',
   'Tomate fresco', '10000000-cccc-0000-0000-000000000003', '40000000-aaaa-0000-0000-000000000001',
   '[]', NULL),
  ('30000000-cccc-0000-0000-000000000015', 'bb000000-0000-0000-0000-000000000001',
   'Pimiento de Padrón', '10000000-cccc-0000-0000-000000000003', '40000000-aaaa-0000-0000-000000000001',
   '[]', 'Temporada: junio-septiembre. Fuera de temporada: congelado'),
  ('30000000-cccc-0000-0000-000000000016', 'bb000000-0000-0000-0000-000000000001',
   'Lechuga', '10000000-cccc-0000-0000-000000000003', '40000000-aaaa-0000-0000-000000000005',
   '[]', NULL),

  -- Lácteos y Huevos
  ('30000000-cccc-0000-0000-000000000017', 'bb000000-0000-0000-0000-000000000001',
   'Huevo fresco', '10000000-cccc-0000-0000-000000000004', '40000000-aaaa-0000-0000-000000000005',
   '["Huevo"]', 'Categoría A. Proveedor: Gallaecia'),
  ('30000000-cccc-0000-0000-000000000018', 'bb000000-0000-0000-0000-000000000001',
   'Queso crema', '10000000-cccc-0000-0000-000000000004', '40000000-aaaa-0000-0000-000000000001',
   '["Lactosa"]', 'Para tarta de queso. Proveedor: Lácteos do Campo'),
  ('30000000-cccc-0000-0000-000000000019', 'bb000000-0000-0000-0000-000000000001',
   'Leche entera', '10000000-cccc-0000-0000-000000000004', '40000000-aaaa-0000-0000-000000000003',
   '["Lactosa"]', NULL),
  ('30000000-cccc-0000-0000-000000000020', 'bb000000-0000-0000-0000-000000000001',
   'Nata 35% MG', '10000000-cccc-0000-0000-000000000004', '40000000-aaaa-0000-0000-000000000003',
   '["Lactosa"]', NULL),
  ('30000000-cccc-0000-0000-000000000021', 'bb000000-0000-0000-0000-000000000001',
   'Jamón serrano', '10000000-cccc-0000-0000-000000000001', '40000000-aaaa-0000-0000-000000000001',
   '[]', NULL),

  -- Especias y condimentos
  ('30000000-cccc-0000-0000-000000000022', 'bb000000-0000-0000-0000-000000000001',
   'Pimentón de la Vera', '10000000-cccc-0000-0000-000000000006', '40000000-aaaa-0000-0000-000000000001',
   '[]', 'DO Pimentón de La Vera. Dulce y picante'),
  ('30000000-cccc-0000-0000-000000000023', 'bb000000-0000-0000-0000-000000000001',
   'Sal gruesa', '10000000-cccc-0000-0000-000000000006', '40000000-aaaa-0000-0000-000000000001',
   '[]', NULL),
  ('30000000-cccc-0000-0000-000000000024', 'bb000000-0000-0000-0000-000000000001',
   'Ajo fresco', '10000000-cccc-0000-0000-000000000003', '40000000-aaaa-0000-0000-000000000001',
   '[]', NULL),
  ('30000000-cccc-0000-0000-000000000025', 'bb000000-0000-0000-0000-000000000001',
   'Perejil fresco', '10000000-cccc-0000-0000-000000000003', '40000000-aaaa-0000-0000-000000000005',
   '[]', NULL),
  ('30000000-cccc-0000-0000-000000000026', 'bb000000-0000-0000-0000-000000000001',
   'Canela en rama', '10000000-cccc-0000-0000-000000000006', '40000000-aaaa-0000-0000-000000000005',
   '[]', NULL),

  -- Aceites
  ('30000000-cccc-0000-0000-000000000027', 'bb000000-0000-0000-0000-000000000001',
   'Aceite de oliva virgen extra', '10000000-cccc-0000-0000-000000000007', '40000000-aaaa-0000-0000-000000000003',
   '[]', '5L. Proveedor: Gallaecia'),

  -- Otros
  ('30000000-cccc-0000-0000-000000000028', 'bb000000-0000-0000-0000-000000000001',
   'Arroz bomba', '10000000-cccc-0000-0000-000000000004', '40000000-aaaa-0000-0000-000000000001',
   '[]', NULL),
  ('30000000-cccc-0000-0000-000000000029', 'bb000000-0000-0000-0000-000000000001',
   'Harina de trigo', '10000000-cccc-0000-0000-000000000004', '40000000-aaaa-0000-0000-000000000001',
   '["Gluten"]', NULL),
  ('30000000-cccc-0000-0000-000000000030', 'bb000000-0000-0000-0000-000000000001',
   'Azúcar blanco', '10000000-cccc-0000-0000-000000000004', '40000000-aaaa-0000-0000-000000000001',
   '[]', NULL),
  ('30000000-cccc-0000-0000-000000000031', 'bb000000-0000-0000-0000-000000000001',
   'Vino tinto Mencía', '10000000-cccc-0000-0000-000000000005', '40000000-aaaa-0000-0000-000000000003',
   '["Sulfitos"]', 'Bierzo. Para cocinar'),
  ('30000000-cccc-0000-0000-000000000032', 'bb000000-0000-0000-0000-000000000001',
   'Almendra molida', '10000000-cccc-0000-0000-000000000004', '40000000-aaaa-0000-0000-000000000001',
   '["Frutos secos"]', 'Para Tarta de Santiago'),
  ('30000000-cccc-0000-0000-000000000033', 'bb000000-0000-0000-0000-000000000001',
   'Chocolate negro 70%', '10000000-cccc-0000-0000-000000000004', '40000000-aaaa-0000-0000-000000000001',
   '["Gluten","Lactosa"]', 'Para brownie'),
  ('30000000-cccc-0000-0000-000000000034', 'bb000000-0000-0000-0000-000000000001',
   'Pan de ciabatta', '10000000-cccc-0000-0000-000000000004', '40000000-aaaa-0000-0000-000000000005',
   '["Gluten"]', 'Panadería artesana. Entrega diaria')
ON CONFLICT (id) DO NOTHING;

-- ─── RECETAS CON ESCANDALLO ────────────────────────────────────────────────────
-- Recetas de los Clásicos Culuca con food cost real

INSERT INTO recipes (id, hotel_id, name, description, category, servings, prep_time_min, cook_time_min, status, notes) VALUES
  -- Los Callos de Culuca
  ('50000000-eeee-0000-0000-000000000001', 'bb000000-0000-0000-0000-000000000001',
   'Los Callos de Culuca',
   'Receta clásica gallega de callos con chorizo y morcilla. Premio Cociña Galega.',
   'Clásicos Culuca', 4, 20, 120, 'approved',
   'Tapa €7 / Ración €17. Cocción lenta obligatoria. Plato signature de Chisco.'),

  -- La Ensaladilla de Culuca
  ('50000000-eeee-0000-0000-000000000002', 'bb000000-0000-0000-0000-000000000001',
   'La Ensaladilla de Culuca',
   'Ensalada de patata con jamón serrano, huevo y mayonesa casera.',
   'Clásicos Culuca', 4, 30, 20, 'approved',
   'Tapa €6 / Ración €13. Mayonesa siempre casera, nunca industrial.'),

  -- Tortilla jugosa
  ('50000000-eeee-0000-0000-000000000003', 'bb000000-0000-0000-0000-000000000001',
   'Tortilla jugosa de patata',
   'Tortilla de patatas con punto jugoso, ingredientes de máxima calidad.',
   'Clásicos Culuca', 6, 15, 20, 'approved',
   'Mini €6.50 / Grande €17. Interior siempre jugoso, nunca cuajado.'),

  -- Lacón Burger
  ('50000000-eeee-0000-0000-000000000004', 'bb000000-0000-0000-0000-000000000001',
   'Lacón Burger',
   'Hamburguesa de lacón gallego con pan de ciabatta casero, lechuga y tomate.',
   'Carnes', 1, 10, 12, 'approved',
   'PVP €16.50. Pan artesano, cambiar si se rompe la cadena de frío del lacón.'),

  -- Raxo con chips
  ('50000000-eeee-0000-0000-000000000005', 'bb000000-0000-0000-0000-000000000001',
   'Raxo con chips',
   'Carne de cerdo gallega marinada, servida con patatas chips caseras.',
   'Carnes', 2, 20, 10, 'approved',
   'PVP €14. Marinar mínimo 4h con ajo, pimentón, laurel y vino.'),

  -- Arroz caldoso con calamares
  ('50000000-eeee-0000-0000-000000000006', 'bb000000-0000-0000-0000-000000000001',
   'Arroz caldoso con calamares',
   'Arroz caldoso con calamares frescos y sutiles aromas de perejil.',
   'Arroces', 2, 10, 18, 'approved',
   'PVP €22. Arroz bomba, tiempo exacto 17-18 min. Nunca reposar.'),

  -- Croquetas de cocido
  ('50000000-eeee-0000-0000-000000000007', 'bb000000-0000-0000-0000-000000000001',
   'Croquetas de cocido gallego',
   'Croquetas caseras de cocido gallego con bechamel artesanal.',
   'Tapas', 6, 60, 8, 'approved',
   'PVP €4.50 (6 unidades). Bechamel espesa en frío. Congelar en crudo.'),

  -- Tarta de queso casera
  ('50000000-eeee-0000-0000-000000000008', 'bb000000-0000-0000-0000-000000000001',
   'Tarta de queso casera',
   'Tarta de queso elaborada diariamente en cocina con ingredientes premium.',
   'Postres', 8, 15, 45, 'approved',
   'PVP €7 / ración. Elaboración diaria obligatoria. Sin conservantes.'),

  -- Arroz con leche gallego
  ('50000000-eeee-0000-0000-000000000009', 'bb000000-0000-0000-0000-000000000001',
   'Arroz con leche gallego',
   'Arroz con leche gallego tradicional con canela. Receta de la abuela de Chisco.',
   'Postres', 6, 5, 50, 'approved',
   'PVP €6. Cocción lenta, mínimo 45 min removiendo. Homenaje a la abuela Culuca.')
ON CONFLICT (id) DO NOTHING;

-- ─── INGREDIENTES (escandallos) ────────────────────────────────────────────────

-- Callos de Culuca (4 raciones → €17/ración → PVP total €68)
INSERT INTO recipe_ingredients (recipe_id, hotel_id, product_id, unit_id, quantity, notes, sort_order) VALUES
  ('50000000-eeee-0000-0000-000000000001','bb000000-0000-0000-0000-000000000001','30000000-cccc-0000-0000-000000000011','40000000-aaaa-0000-0000-000000000001', 0.800, 'Callos limpios', 1),
  ('50000000-eeee-0000-0000-000000000001','bb000000-0000-0000-0000-000000000001','30000000-cccc-0000-0000-000000000008','40000000-aaaa-0000-0000-000000000001', 0.150, 'Chorizo gallego en rodajas', 2),
  ('50000000-eeee-0000-0000-000000000001','bb000000-0000-0000-0000-000000000001','30000000-cccc-0000-0000-000000000007','40000000-aaaa-0000-0000-000000000001', 0.100, 'Morcilla gallega en rodajas', 3),
  ('50000000-eeee-0000-0000-000000000001','bb000000-0000-0000-0000-000000000001','30000000-cccc-0000-0000-000000000013','40000000-aaaa-0000-0000-000000000001', 0.200, 'Sofrito base', 4),
  ('50000000-eeee-0000-0000-000000000001','bb000000-0000-0000-0000-000000000001','30000000-cccc-0000-0000-000000000024','40000000-aaaa-0000-0000-000000000001', 0.030, NULL, 5),
  ('50000000-eeee-0000-0000-000000000001','bb000000-0000-0000-0000-000000000001','30000000-cccc-0000-0000-000000000022','40000000-aaaa-0000-0000-000000000001', 0.010, 'Pimentón dulce', 6),
  ('50000000-eeee-0000-0000-000000000001','bb000000-0000-0000-0000-000000000001','30000000-cccc-0000-0000-000000000027','40000000-aaaa-0000-0000-000000000003', 0.050, NULL, 7);

-- Ensaladilla de Culuca (4 raciones → €13/ración)
INSERT INTO recipe_ingredients (recipe_id, hotel_id, product_id, unit_id, quantity, notes, sort_order) VALUES
  ('50000000-eeee-0000-0000-000000000002','bb000000-0000-0000-0000-000000000001','30000000-cccc-0000-0000-000000000012','40000000-aaaa-0000-0000-000000000001', 1.000, 'Cocer con piel', 1),
  ('50000000-eeee-0000-0000-000000000002','bb000000-0000-0000-0000-000000000001','30000000-cccc-0000-0000-000000000021','40000000-aaaa-0000-0000-000000000001', 0.150, 'En tacos finos', 2),
  ('50000000-eeee-0000-0000-000000000002','bb000000-0000-0000-0000-000000000001','30000000-cccc-0000-0000-000000000017','40000000-aaaa-0000-0000-000000000005', 4.000, 'Cocidos y troceados', 3),
  ('50000000-eeee-0000-0000-000000000002','bb000000-0000-0000-0000-000000000001','30000000-cccc-0000-0000-000000000027','40000000-aaaa-0000-0000-000000000003', 0.050, 'Para la mayonesa', 4),
  ('50000000-eeee-0000-0000-000000000002','bb000000-0000-0000-0000-000000000001','30000000-cccc-0000-0000-000000000023','40000000-aaaa-0000-0000-000000000001', 0.005, NULL, 5);

-- Tortilla jugosa (6 raciones → grande €17)
INSERT INTO recipe_ingredients (recipe_id, hotel_id, product_id, unit_id, quantity, notes, sort_order) VALUES
  ('50000000-eeee-0000-0000-000000000003','bb000000-0000-0000-0000-000000000001','30000000-cccc-0000-0000-000000000017','40000000-aaaa-0000-0000-000000000005', 8.000, 'Huevos frescos grandes', 1),
  ('50000000-eeee-0000-0000-000000000003','bb000000-0000-0000-0000-000000000001','30000000-cccc-0000-0000-000000000012','40000000-aaaa-0000-0000-000000000001', 0.600, 'Peladas y laminadas', 2),
  ('50000000-eeee-0000-0000-000000000003','bb000000-0000-0000-0000-000000000001','30000000-cccc-0000-0000-000000000013','40000000-aaaa-0000-0000-000000000001', 0.150, 'Opcional según cliente', 3),
  ('50000000-eeee-0000-0000-000000000003','bb000000-0000-0000-0000-000000000001','30000000-cccc-0000-0000-000000000027','40000000-aaaa-0000-0000-000000000003', 0.200, 'Para freír la patata', 4),
  ('50000000-eeee-0000-0000-000000000003','bb000000-0000-0000-0000-000000000001','30000000-cccc-0000-0000-000000000023','40000000-aaaa-0000-0000-000000000001', 0.008, NULL, 5);

-- Lacón Burger (1 ración → €16.50)
INSERT INTO recipe_ingredients (recipe_id, hotel_id, product_id, unit_id, quantity, notes, sort_order) VALUES
  ('50000000-eeee-0000-0000-000000000004','bb000000-0000-0000-0000-000000000001','30000000-cccc-0000-0000-000000000005','40000000-aaaa-0000-0000-000000000001', 0.180, 'Lacón prensado en forma de burger', 1),
  ('50000000-eeee-0000-0000-000000000004','bb000000-0000-0000-0000-000000000001','30000000-cccc-0000-0000-000000000034','40000000-aaaa-0000-0000-000000000005', 1.000, 'Pan artesano del día', 2),
  ('50000000-eeee-0000-0000-000000000004','bb000000-0000-0000-0000-000000000001','30000000-cccc-0000-0000-000000000016','40000000-aaaa-0000-0000-000000000005', 0.500, NULL, 3),
  ('50000000-eeee-0000-0000-000000000004','bb000000-0000-0000-0000-000000000001','30000000-cccc-0000-0000-000000000014','40000000-aaaa-0000-0000-000000000001', 0.060, NULL, 4),
  ('50000000-eeee-0000-0000-000000000004','bb000000-0000-0000-0000-000000000001','30000000-cccc-0000-0000-000000000027','40000000-aaaa-0000-0000-000000000003', 0.020, NULL, 5);

-- Raxo con chips (2 raciones → €14/ración)
INSERT INTO recipe_ingredients (recipe_id, hotel_id, product_id, unit_id, quantity, notes, sort_order) VALUES
  ('50000000-eeee-0000-0000-000000000005','bb000000-0000-0000-0000-000000000001','30000000-cccc-0000-0000-000000000006','40000000-aaaa-0000-0000-000000000001', 0.400, 'Lomo en dados 3cm', 1),
  ('50000000-eeee-0000-0000-000000000005','bb000000-0000-0000-0000-000000000001','30000000-cccc-0000-0000-000000000012','40000000-aaaa-0000-0000-000000000001', 0.300, 'Patata para chips finas', 2),
  ('50000000-eeee-0000-0000-000000000005','bb000000-0000-0000-0000-000000000001','30000000-cccc-0000-0000-000000000024','40000000-aaaa-0000-0000-000000000001', 0.020, NULL, 3),
  ('50000000-eeee-0000-0000-000000000005','bb000000-0000-0000-0000-000000000001','30000000-cccc-0000-0000-000000000022','40000000-aaaa-0000-0000-000000000001', 0.008, NULL, 4),
  ('50000000-eeee-0000-0000-000000000005','bb000000-0000-0000-0000-000000000001','30000000-cccc-0000-0000-000000000027','40000000-aaaa-0000-0000-000000000003', 0.100, 'Para freír', 5);

-- Arroz caldoso con calamares (2 raciones → €22)
INSERT INTO recipe_ingredients (recipe_id, hotel_id, product_id, unit_id, quantity, notes, sort_order) VALUES
  ('50000000-eeee-0000-0000-000000000006','bb000000-0000-0000-0000-000000000001','30000000-cccc-0000-0000-000000000028','40000000-aaaa-0000-0000-000000000001', 0.200, 'Arroz bomba', 1),
  ('50000000-eeee-0000-0000-000000000006','bb000000-0000-0000-0000-000000000001','30000000-cccc-0000-0000-000000000002','40000000-aaaa-0000-0000-000000000001', 0.350, 'Calamar fresco en anillas', 2),
  ('50000000-eeee-0000-0000-000000000006','bb000000-0000-0000-0000-000000000001','30000000-cccc-0000-0000-000000000013','40000000-aaaa-0000-0000-000000000001', 0.100, 'Sofrito', 3),
  ('50000000-eeee-0000-0000-000000000006','bb000000-0000-0000-0000-000000000001','30000000-cccc-0000-0000-000000000024','40000000-aaaa-0000-0000-000000000001', 0.020, NULL, 4),
  ('50000000-eeee-0000-0000-000000000006','bb000000-0000-0000-0000-000000000001','30000000-cccc-0000-0000-000000000025','40000000-aaaa-0000-0000-000000000005', 0.500, NULL, 5),
  ('50000000-eeee-0000-0000-000000000006','bb000000-0000-0000-0000-000000000001','30000000-cccc-0000-0000-000000000027','40000000-aaaa-0000-0000-000000000003', 0.040, NULL, 6);

-- Croquetas de cocido (6 unidades → €4.50)
INSERT INTO recipe_ingredients (recipe_id, hotel_id, product_id, unit_id, quantity, notes, sort_order) VALUES
  ('50000000-eeee-0000-0000-000000000007','bb000000-0000-0000-0000-000000000001','30000000-cccc-0000-0000-000000000029','40000000-aaaa-0000-0000-000000000001', 0.100, 'Para bechamel', 1),
  ('50000000-eeee-0000-0000-000000000007','bb000000-0000-0000-0000-000000000001','30000000-cccc-0000-0000-000000000019','40000000-aaaa-0000-0000-000000000003', 0.500, 'Para bechamel', 2),
  ('50000000-eeee-0000-0000-000000000007','bb000000-0000-0000-0000-000000000001','30000000-cccc-0000-0000-000000000027','40000000-aaaa-0000-0000-000000000003', 0.050, NULL, 3),
  ('50000000-eeee-0000-0000-000000000007','bb000000-0000-0000-0000-000000000001','30000000-cccc-0000-0000-000000000017','40000000-aaaa-0000-0000-000000000005', 2.000, 'Para rebozar', 4),
  ('50000000-eeee-0000-0000-000000000007','bb000000-0000-0000-0000-000000000001','30000000-cccc-0000-0000-000000000011','40000000-aaaa-0000-0000-000000000001', 0.150, 'Callos del cocido picados finos', 5);

-- Tarta de queso (8 raciones → €7/ración)
INSERT INTO recipe_ingredients (recipe_id, hotel_id, product_id, unit_id, quantity, notes, sort_order) VALUES
  ('50000000-eeee-0000-0000-000000000008','bb000000-0000-0000-0000-000000000001','30000000-cccc-0000-0000-000000000018','40000000-aaaa-0000-0000-000000000001', 0.600, 'Queso crema temperatura ambiente', 1),
  ('50000000-eeee-0000-0000-000000000008','bb000000-0000-0000-0000-000000000001','30000000-cccc-0000-0000-000000000017','40000000-aaaa-0000-0000-000000000005', 3.000, NULL, 2),
  ('50000000-eeee-0000-0000-000000000008','bb000000-0000-0000-0000-000000000001','30000000-cccc-0000-0000-000000000020','40000000-aaaa-0000-0000-000000000003', 0.200, NULL, 3),
  ('50000000-eeee-0000-0000-000000000008','bb000000-0000-0000-0000-000000000001','30000000-cccc-0000-0000-000000000030','40000000-aaaa-0000-0000-000000000001', 0.150, NULL, 4);

-- Arroz con leche (6 raciones → €6/ración)
INSERT INTO recipe_ingredients (recipe_id, hotel_id, product_id, unit_id, quantity, notes, sort_order) VALUES
  ('50000000-eeee-0000-0000-000000000009','bb000000-0000-0000-0000-000000000001','30000000-cccc-0000-0000-000000000028','40000000-aaaa-0000-0000-000000000001', 0.200, 'Arroz de grano corto', 1),
  ('50000000-eeee-0000-0000-000000000009','bb000000-0000-0000-0000-000000000001','30000000-cccc-0000-0000-000000000019','40000000-aaaa-0000-0000-000000000003', 1.500, 'Entera, no desnatada', 2),
  ('50000000-eeee-0000-0000-000000000009','bb000000-0000-0000-0000-000000000001','30000000-cccc-0000-0000-000000000030','40000000-aaaa-0000-0000-000000000001', 0.150, NULL, 3),
  ('50000000-eeee-0000-0000-000000000009','bb000000-0000-0000-0000-000000000001','30000000-cccc-0000-0000-000000000026','40000000-aaaa-0000-0000-000000000005', 2.000, 'Canela en rama durante cocción', 4);

-- ─── STOCK INICIAL (FIFO) ──────────────────────────────────────────────────────
-- Precios reales de mercado en A Coruña. Lunes 28 marzo 2026.

INSERT INTO stock_lots (hotel_id, product_id, unit_id, lot_number, initial_quantity, current_quantity, unit_cost, expiry_date) VALUES
  -- Pescados (caducan pronto)
  ('bb000000-0000-0000-0000-000000000001','30000000-cccc-0000-0000-000000000001','40000000-aaaa-0000-0000-000000000001','L20260328-001', 6, 6, 19.50, '2026-03-31'),
  ('bb000000-0000-0000-0000-000000000001','30000000-cccc-0000-0000-000000000002','40000000-aaaa-0000-0000-000000000001','L20260328-002', 4, 4, 12.80, '2026-03-30'),
  ('bb000000-0000-0000-0000-000000000001','30000000-cccc-0000-0000-000000000003','40000000-aaaa-0000-0000-000000000005','L20260328-003', 24, 24, 1.20, '2026-05-15'),

  -- Carnes
  ('bb000000-0000-0000-0000-000000000001','30000000-cccc-0000-0000-000000000005','40000000-aaaa-0000-0000-000000000001','L20260328-004', 5, 5, 9.20, '2026-04-10'),
  ('bb000000-0000-0000-0000-000000000001','30000000-cccc-0000-0000-000000000006','40000000-aaaa-0000-0000-000000000001','L20260328-005', 4, 4, 7.80, '2026-04-05'),
  ('bb000000-0000-0000-0000-000000000001','30000000-cccc-0000-0000-000000000007','40000000-aaaa-0000-0000-000000000001','L20260328-006', 2, 2, 8.50, '2026-04-15'),
  ('bb000000-0000-0000-0000-000000000001','30000000-cccc-0000-0000-000000000008','40000000-aaaa-0000-0000-000000000001','L20260328-007', 2, 2, 9.00, '2026-04-15'),
  ('bb000000-0000-0000-0000-000000000001','30000000-cccc-0000-0000-000000000011','40000000-aaaa-0000-0000-000000000001','L20260328-008', 3, 3, 6.50, '2026-04-12'),

  -- Verduras
  ('bb000000-0000-0000-0000-000000000001','30000000-cccc-0000-0000-000000000012','40000000-aaaa-0000-0000-000000000001','L20260328-009', 10, 10, 0.85, '2026-04-10'),
  ('bb000000-0000-0000-0000-000000000001','30000000-cccc-0000-0000-000000000013','40000000-aaaa-0000-0000-000000000001','L20260328-010', 5, 5, 0.70, '2026-04-08'),
  ('bb000000-0000-0000-0000-000000000001','30000000-cccc-0000-0000-000000000014','40000000-aaaa-0000-0000-000000000001','L20260328-011', 3, 3, 1.20, '2026-04-03'),
  ('bb000000-0000-0000-0000-000000000001','30000000-cccc-0000-0000-000000000024','40000000-aaaa-0000-0000-000000000001','L20260328-012', 1, 1, 2.40, '2026-04-20'),

  -- Lácteos
  ('bb000000-0000-0000-0000-000000000001','30000000-cccc-0000-0000-000000000017','40000000-aaaa-0000-0000-000000000005','L20260328-013', 30, 30, 0.28, '2026-04-04'),
  ('bb000000-0000-0000-0000-000000000001','30000000-cccc-0000-0000-000000000018','40000000-aaaa-0000-0000-000000000001','L20260328-014', 2, 2, 5.80, '2026-04-15'),
  ('bb000000-0000-0000-0000-000000000001','30000000-cccc-0000-0000-000000000019','40000000-aaaa-0000-0000-000000000003','L20260328-015', 6, 6, 0.95, '2026-04-05'),
  ('bb000000-0000-0000-0000-000000000001','30000000-cccc-0000-0000-000000000020','40000000-aaaa-0000-0000-000000000003','L20260328-016', 2, 2, 2.40, '2026-04-10'),

  -- Secos / larga duración
  ('bb000000-0000-0000-0000-000000000001','30000000-cccc-0000-0000-000000000027','40000000-aaaa-0000-0000-000000000003','L20260328-017', 10, 10, 5.20, '2027-03-28'),
  ('bb000000-0000-0000-0000-000000000001','30000000-cccc-0000-0000-000000000028','40000000-aaaa-0000-0000-000000000001','L20260328-018', 5, 5, 3.80, '2027-01-01'),
  ('bb000000-0000-0000-0000-000000000001','30000000-cccc-0000-0000-000000000029','40000000-aaaa-0000-0000-000000000001','L20260328-019', 5, 5, 1.20, '2027-01-01'),
  ('bb000000-0000-0000-0000-000000000001','30000000-cccc-0000-0000-000000000030','40000000-aaaa-0000-0000-000000000001','L20260328-020', 5, 5, 1.10, '2027-06-01'),
  ('bb000000-0000-0000-0000-000000000001','30000000-cccc-0000-0000-000000000032','40000000-aaaa-0000-0000-000000000001','L20260328-021', 2, 2, 8.50, '2026-12-01'),
  ('bb000000-0000-0000-0000-000000000001','30000000-cccc-0000-0000-000000000033','40000000-aaaa-0000-0000-000000000001','L20260328-022', 2, 2, 12.00, '2026-12-01');

-- ─── NOTA FINAL ───────────────────────────────────────────────────────────────
-- Usuario demo: chisco@culuca.com / culuca2026
-- Crear con: supabase auth admin create-user --email chisco@culuca.com --password culuca2026
-- Luego insertar membership:
-- INSERT INTO memberships (user_id, hotel_id, tenant_id, role, is_active, is_default)
-- VALUES ('<user_id>', 'bb000000-0000-0000-0000-000000000001', 'aa000000-0000-0000-0000-000000000001', 'head_chef', true, true);
