-- =============================================================================
-- SYNTHETIC DATA — RestoOS Production
-- Hotel: Culuca Cocina-Bar (bb000000-0000-0000-0000-000000000001)
-- Covers ALL flows: recipes, menus, procurement, inventory, APPCC,
-- reservations, staffing, sales, invoices, alerts, price history
-- =============================================================================

-- IDs
-- h = bb000000-0000-0000-0000-000000000001 (hotel)
-- t = aa000000-0000-0000-0000-000000000001 (tenant)
-- u = 39ddbd5b-b543-467b-9793-f1ba94bc39d5 (user)

-- ─── PRODUCTS (20 ingredientes) ──────────────────────────────────────────────
INSERT INTO products (id, hotel_id, name, category_id, default_unit_id, allergens, notes) VALUES
  ('30000000-cccc-0000-0000-000000000001', 'bb000000-0000-0000-0000-000000000001', 'Pulpo fresco', '10000000-cccc-0000-0000-000000000002', '40000000-aaaa-0000-0000-000000000001', '["Moluscos"]', NULL),
  ('30000000-cccc-0000-0000-000000000002', 'bb000000-0000-0000-0000-000000000001', 'Merluza fresca', '10000000-cccc-0000-0000-000000000002', '40000000-aaaa-0000-0000-000000000001', '["Pescado"]', NULL),
  ('30000000-cccc-0000-0000-000000000003', 'bb000000-0000-0000-0000-000000000001', 'Jamon iberico', '10000000-cccc-0000-0000-000000000001', '40000000-aaaa-0000-0000-000000000001', '[]', 'Bellota 36 meses'),
  ('30000000-cccc-0000-0000-000000000004', 'bb000000-0000-0000-0000-000000000001', 'Chuleton de buey', '10000000-cccc-0000-0000-000000000001', '40000000-aaaa-0000-0000-000000000001', '[]', 'Madurado 45 dias'),
  ('30000000-cccc-0000-0000-000000000005', 'bb000000-0000-0000-0000-000000000001', 'Patatas', '10000000-cccc-0000-0000-000000000003', '40000000-aaaa-0000-0000-000000000001', '[]', NULL),
  ('30000000-cccc-0000-0000-000000000006', 'bb000000-0000-0000-0000-000000000001', 'Pimientos de Padron', '10000000-cccc-0000-0000-000000000003', '40000000-aaaa-0000-0000-000000000001', '[]', NULL),
  ('30000000-cccc-0000-0000-000000000007', 'bb000000-0000-0000-0000-000000000001', 'Aceite de oliva virgen extra', '10000000-cccc-0000-0000-000000000007', '40000000-aaaa-0000-0000-000000000003', '[]', NULL),
  ('30000000-cccc-0000-0000-000000000008', 'bb000000-0000-0000-0000-000000000001', 'Sal gruesa', '10000000-cccc-0000-0000-000000000006', '40000000-aaaa-0000-0000-000000000001', '[]', NULL),
  ('30000000-cccc-0000-0000-000000000009', 'bb000000-0000-0000-0000-000000000001', 'Pimenton de la Vera', '10000000-cccc-0000-0000-000000000006', '40000000-aaaa-0000-0000-000000000002', '[]', NULL),
  ('30000000-cccc-0000-0000-000000000010', 'bb000000-0000-0000-0000-000000000001', 'Leche entera', '10000000-cccc-0000-0000-000000000004', '40000000-aaaa-0000-0000-000000000003', '["Lacteos"]', NULL),
  ('30000000-cccc-0000-0000-000000000011', 'bb000000-0000-0000-0000-000000000001', 'Huevos camperos', '10000000-cccc-0000-0000-000000000004', '40000000-aaaa-0000-0000-000000000005', '["Huevo"]', NULL),
  ('30000000-cccc-0000-0000-000000000012', 'bb000000-0000-0000-0000-000000000001', 'Harina de trigo', '10000000-cccc-0000-0000-000000000006', '40000000-aaaa-0000-0000-000000000001', '["Gluten"]', NULL),
  ('30000000-cccc-0000-0000-000000000013', 'bb000000-0000-0000-0000-000000000001', 'Nata liquida 35%', '10000000-cccc-0000-0000-000000000004', '40000000-aaaa-0000-0000-000000000003', '["Lacteos"]', NULL),
  ('30000000-cccc-0000-0000-000000000014', 'bb000000-0000-0000-0000-000000000001', 'Cebolla', '10000000-cccc-0000-0000-000000000003', '40000000-aaaa-0000-0000-000000000001', '[]', NULL),
  ('30000000-cccc-0000-0000-000000000015', 'bb000000-0000-0000-0000-000000000001', 'Ajo', '10000000-cccc-0000-0000-000000000003', '40000000-aaaa-0000-0000-000000000001', '[]', NULL)
ON CONFLICT (id) DO NOTHING;

-- ─── SUPPLIER OFFERS ─────────────────────────────────────────────────────────
INSERT INTO supplier_offers (id, hotel_id, supplier_id, product_id, unit_id, price, is_preferred, valid_from) VALUES
  ('50000000-aaaa-0000-0000-000000000001', 'bb000000-0000-0000-0000-000000000001', '20000000-bbbb-0000-0000-000000000001', '30000000-cccc-0000-0000-000000000001', '40000000-aaaa-0000-0000-000000000001', 18.50, true, '2026-01-01'),
  ('50000000-aaaa-0000-0000-000000000002', 'bb000000-0000-0000-0000-000000000001', '20000000-bbbb-0000-0000-000000000001', '30000000-cccc-0000-0000-000000000002', '40000000-aaaa-0000-0000-000000000001', 14.00, true, '2026-01-01'),
  ('50000000-aaaa-0000-0000-000000000003', 'bb000000-0000-0000-0000-000000000001', '20000000-bbbb-0000-0000-000000000002', '30000000-cccc-0000-0000-000000000003', '40000000-aaaa-0000-0000-000000000001', 85.00, true, '2026-01-01'),
  ('50000000-aaaa-0000-0000-000000000004', 'bb000000-0000-0000-0000-000000000001', '20000000-bbbb-0000-0000-000000000002', '30000000-cccc-0000-0000-000000000004', '40000000-aaaa-0000-0000-000000000001', 42.00, true, '2026-01-01'),
  ('50000000-aaaa-0000-0000-000000000005', 'bb000000-0000-0000-0000-000000000001', '20000000-bbbb-0000-0000-000000000004', '30000000-cccc-0000-0000-000000000007', '40000000-aaaa-0000-0000-000000000003', 8.90, true, '2026-01-01')
ON CONFLICT (id) DO NOTHING;

-- ─── RECIPES (5 recetas con ingredientes y pasos) ────────────────────────────
INSERT INTO recipes (id, hotel_id, name, description, category, servings, prep_time_min, cook_time_min, status, version, total_cost, cost_per_serving) VALUES
  ('60000000-aaaa-0000-0000-000000000001', 'bb000000-0000-0000-0000-000000000001', 'Pulpo a feira', 'Pulpo cocido con pimenton, aceite y sal gruesa', 'Entrante', 4, 15, 45, 'approved', 1, 22.40, 5.60),
  ('60000000-aaaa-0000-0000-000000000002', 'bb000000-0000-0000-0000-000000000001', 'Merluza a la gallega', 'Merluza con cachelos y ajada', 'Principal', 2, 20, 25, 'approved', 1, 18.50, 9.25),
  ('60000000-aaaa-0000-0000-000000000003', 'bb000000-0000-0000-0000-000000000001', 'Chuleton de buey madurado', 'Chuleton a la brasa con sal gruesa', 'Principal', 2, 5, 12, 'approved', 1, 48.00, 24.00),
  ('60000000-aaaa-0000-0000-000000000004', 'bb000000-0000-0000-0000-000000000001', 'Pimientos de Padron', 'Fritos con sal gruesa', 'Entrante', 2, 5, 5, 'approved', 1, 3.20, 1.60),
  ('60000000-aaaa-0000-0000-000000000005', 'bb000000-0000-0000-0000-000000000001', 'Filloas rellenas de crema', 'Filloas gallegas con crema pastelera', 'Postre', 6, 30, 20, 'draft', 1, 8.50, 1.42)
ON CONFLICT (id) DO NOTHING;

INSERT INTO recipe_ingredients (id, recipe_id, hotel_id, product_id, unit_id, quantity, sort_order) VALUES
  ('61000000-0000-0000-0000-000000000001', '60000000-aaaa-0000-0000-000000000001', 'bb000000-0000-0000-0000-000000000001', '30000000-cccc-0000-0000-000000000001', '40000000-aaaa-0000-0000-000000000001', 1.2, 1),
  ('61000000-0000-0000-0000-000000000002', '60000000-aaaa-0000-0000-000000000001', 'bb000000-0000-0000-0000-000000000001', '30000000-cccc-0000-0000-000000000007', '40000000-aaaa-0000-0000-000000000004', 50, 2),
  ('61000000-0000-0000-0000-000000000003', '60000000-aaaa-0000-0000-000000000001', 'bb000000-0000-0000-0000-000000000001', '30000000-cccc-0000-0000-000000000009', '40000000-aaaa-0000-0000-000000000002', 10, 3),
  ('61000000-0000-0000-0000-000000000004', '60000000-aaaa-0000-0000-000000000001', 'bb000000-0000-0000-0000-000000000001', '30000000-cccc-0000-0000-000000000008', '40000000-aaaa-0000-0000-000000000002', 15, 4),
  ('61000000-0000-0000-0000-000000000005', '60000000-aaaa-0000-0000-000000000002', 'bb000000-0000-0000-0000-000000000001', '30000000-cccc-0000-0000-000000000002', '40000000-aaaa-0000-0000-000000000001', 0.8, 1),
  ('61000000-0000-0000-0000-000000000006', '60000000-aaaa-0000-0000-000000000002', 'bb000000-0000-0000-0000-000000000001', '30000000-cccc-0000-0000-000000000005', '40000000-aaaa-0000-0000-000000000001', 0.5, 2),
  ('61000000-0000-0000-0000-000000000007', '60000000-aaaa-0000-0000-000000000002', 'bb000000-0000-0000-0000-000000000001', '30000000-cccc-0000-0000-000000000015', '40000000-aaaa-0000-0000-000000000002', 30, 3),
  ('61000000-0000-0000-0000-000000000008', '60000000-aaaa-0000-0000-000000000003', 'bb000000-0000-0000-0000-000000000001', '30000000-cccc-0000-0000-000000000004', '40000000-aaaa-0000-0000-000000000001', 1.0, 1),
  ('61000000-0000-0000-0000-000000000009', '60000000-aaaa-0000-0000-000000000003', 'bb000000-0000-0000-0000-000000000001', '30000000-cccc-0000-0000-000000000008', '40000000-aaaa-0000-0000-000000000002', 20, 2)
ON CONFLICT (id) DO NOTHING;

INSERT INTO recipe_steps (id, recipe_id, hotel_id, step_number, instruction, duration_min) VALUES
  ('62000000-0000-0000-0000-000000000001', '60000000-aaaa-0000-0000-000000000001', 'bb000000-0000-0000-0000-000000000001', 1, 'Cocer el pulpo en agua hirviendo durante 40-45 minutos', 45),
  ('62000000-0000-0000-0000-000000000002', '60000000-aaaa-0000-0000-000000000001', 'bb000000-0000-0000-0000-000000000001', 2, 'Cortar en rodajas sobre tabla de madera', 5),
  ('62000000-0000-0000-0000-000000000003', '60000000-aaaa-0000-0000-000000000001', 'bb000000-0000-0000-0000-000000000001', 3, 'Aliñar con aceite, pimenton y sal gruesa', 2),
  ('62000000-0000-0000-0000-000000000004', '60000000-aaaa-0000-0000-000000000003', 'bb000000-0000-0000-0000-000000000001', 1, 'Atemperar el chuleton 1h antes de cocinar', 60),
  ('62000000-0000-0000-0000-000000000005', '60000000-aaaa-0000-0000-000000000003', 'bb000000-0000-0000-0000-000000000001', 2, 'Asar a la brasa 5-6 min por lado', 12)
ON CONFLICT (id) DO NOTHING;

-- ─── MENUS ───────────────────────────────────────────────────────────────────
INSERT INTO menus (id, hotel_id, name, description, menu_type, status, target_food_cost_pct) VALUES
  ('70000000-aaaa-0000-0000-000000000001', 'bb000000-0000-0000-0000-000000000001', 'Menu Degustacion Galicia', 'Recorrido por la cocina gallega', 'tasting', 'active', 32.00),
  ('70000000-aaaa-0000-0000-000000000002', 'bb000000-0000-0000-0000-000000000001', 'Carta Principal', 'Carta diaria del restaurante', 'a_la_carte', 'active', 30.00)
ON CONFLICT (id) DO NOTHING;

INSERT INTO menu_sections (id, menu_id, hotel_id, name, sort_order) VALUES
  ('71000000-0000-0000-0000-000000000001', '70000000-aaaa-0000-0000-000000000001', 'bb000000-0000-0000-0000-000000000001', 'Entrantes', 1),
  ('71000000-0000-0000-0000-000000000002', '70000000-aaaa-0000-0000-000000000001', 'bb000000-0000-0000-0000-000000000001', 'Principales', 2),
  ('71000000-0000-0000-0000-000000000003', '70000000-aaaa-0000-0000-000000000001', 'bb000000-0000-0000-0000-000000000001', 'Postres', 3)
ON CONFLICT (id) DO NOTHING;

INSERT INTO menu_section_recipes (id, section_id, hotel_id, recipe_id, price, sort_order) VALUES
  ('72000000-0000-0000-0000-000000000001', '71000000-0000-0000-0000-000000000001', 'bb000000-0000-0000-0000-000000000001', '60000000-aaaa-0000-0000-000000000001', 18.00, 1),
  ('72000000-0000-0000-0000-000000000002', '71000000-0000-0000-0000-000000000001', 'bb000000-0000-0000-0000-000000000001', '60000000-aaaa-0000-0000-000000000004', 8.00, 2),
  ('72000000-0000-0000-0000-000000000003', '71000000-0000-0000-0000-000000000002', 'bb000000-0000-0000-0000-000000000001', '60000000-aaaa-0000-0000-000000000002', 22.00, 1),
  ('72000000-0000-0000-0000-000000000004', '71000000-0000-0000-0000-000000000002', 'bb000000-0000-0000-0000-000000000001', '60000000-aaaa-0000-0000-000000000003', 38.00, 2),
  ('72000000-0000-0000-0000-000000000005', '71000000-0000-0000-0000-000000000003', 'bb000000-0000-0000-0000-000000000001', '60000000-aaaa-0000-0000-000000000005', 9.00, 1)
ON CONFLICT (id) DO NOTHING;

-- ─── PURCHASE ORDERS + LINES ─────────────────────────────────────────────────
INSERT INTO purchase_orders (id, hotel_id, supplier_id, order_number, status, expected_delivery_date, total_amount, created_by) VALUES
  ('80000000-aaaa-0000-0000-000000000001', 'bb000000-0000-0000-0000-000000000001', '20000000-bbbb-0000-0000-000000000001', 'PO-2026-001', 'received', '2026-04-03', 285.00, '39ddbd5b-b543-467b-9793-f1ba94bc39d5'),
  ('80000000-aaaa-0000-0000-000000000002', 'bb000000-0000-0000-0000-000000000001', '20000000-bbbb-0000-0000-000000000002', 'PO-2026-002', 'sent', '2026-04-05', 520.00, '39ddbd5b-b543-467b-9793-f1ba94bc39d5'),
  ('80000000-aaaa-0000-0000-000000000003', 'bb000000-0000-0000-0000-000000000001', '20000000-bbbb-0000-0000-000000000004', 'PO-2026-003', 'draft', NULL, 89.00, '39ddbd5b-b543-467b-9793-f1ba94bc39d5')
ON CONFLICT (id) DO NOTHING;

INSERT INTO purchase_order_lines (id, order_id, hotel_id, product_id, unit_id, quantity_ordered, unit_price, quantity_received) VALUES
  ('81000000-0000-0000-0000-000000000001', '80000000-aaaa-0000-0000-000000000001', 'bb000000-0000-0000-0000-000000000001', '30000000-cccc-0000-0000-000000000001', '40000000-aaaa-0000-0000-000000000001', 10, 18.50, 10),
  ('81000000-0000-0000-0000-000000000002', '80000000-aaaa-0000-0000-000000000001', 'bb000000-0000-0000-0000-000000000001', '30000000-cccc-0000-0000-000000000002', '40000000-aaaa-0000-0000-000000000001', 5, 14.00, 4.5),
  ('81000000-0000-0000-0000-000000000003', '80000000-aaaa-0000-0000-000000000002', 'bb000000-0000-0000-0000-000000000001', '30000000-cccc-0000-0000-000000000003', '40000000-aaaa-0000-0000-000000000001', 3, 85.00, 0),
  ('81000000-0000-0000-0000-000000000004', '80000000-aaaa-0000-0000-000000000002', 'bb000000-0000-0000-0000-000000000001', '30000000-cccc-0000-0000-000000000004', '40000000-aaaa-0000-0000-000000000001', 5, 42.00, 0),
  ('81000000-0000-0000-0000-000000000005', '80000000-aaaa-0000-0000-000000000003', 'bb000000-0000-0000-0000-000000000001', '30000000-cccc-0000-0000-000000000007', '40000000-aaaa-0000-0000-000000000003', 10, 8.90, 0)
ON CONFLICT (id) DO NOTHING;

-- ─── GOODS RECEIPTS (partial delivery triggers alert) ────────────────────────
INSERT INTO goods_receipts (id, hotel_id, order_id, receipt_number, received_by) VALUES
  ('82000000-aaaa-0000-0000-000000000001', 'bb000000-0000-0000-0000-000000000001', '80000000-aaaa-0000-0000-000000000001', 'GR-2026-001', '39ddbd5b-b543-467b-9793-f1ba94bc39d5')
ON CONFLICT (id) DO NOTHING;

INSERT INTO goods_receipt_lines (id, receipt_id, hotel_id, order_line_id, product_id, unit_id, quantity_received, unit_cost, expiry_date, lot_number, incident_type) VALUES
  ('83000000-0000-0000-0000-000000000001', '82000000-aaaa-0000-0000-000000000001', 'bb000000-0000-0000-0000-000000000001', '81000000-0000-0000-0000-000000000001', '30000000-cccc-0000-0000-000000000001', '40000000-aaaa-0000-0000-000000000001', 10, 18.50, '2026-04-07', 'LOT-PUL-001', 'ok'),
  ('83000000-0000-0000-0000-000000000002', '82000000-aaaa-0000-0000-000000000001', 'bb000000-0000-0000-0000-000000000001', '81000000-0000-0000-0000-000000000002', '30000000-cccc-0000-0000-000000000002', '40000000-aaaa-0000-0000-000000000001', 4.5, 14.00, '2026-04-06', 'LOT-MER-001', 'wrong_quantity')
ON CONFLICT (id) DO NOTHING;

-- ─── STOCK LOTS (some near expiry = alerts) ──────────────────────────────────
INSERT INTO stock_lots (id, hotel_id, product_id, unit_id, receipt_line_id, lot_number, initial_quantity, current_quantity, unit_cost, expiry_date) VALUES
  ('84000000-0000-0000-0000-000000000001', 'bb000000-0000-0000-0000-000000000001', '30000000-cccc-0000-0000-000000000001', '40000000-aaaa-0000-0000-000000000001', '83000000-0000-0000-0000-000000000001', 'LOT-PUL-001', 10, 6.5, 18.50, '2026-04-07'),
  ('84000000-0000-0000-0000-000000000002', 'bb000000-0000-0000-0000-000000000001', '30000000-cccc-0000-0000-000000000002', '40000000-aaaa-0000-0000-000000000001', '83000000-0000-0000-0000-000000000002', 'LOT-MER-001', 4.5, 2.0, 14.00, '2026-04-05'),
  ('84000000-0000-0000-0000-000000000003', 'bb000000-0000-0000-0000-000000000001', '30000000-cccc-0000-0000-000000000007', '40000000-aaaa-0000-0000-000000000003', NULL, 'LOT-OIL-001', 20, 3.0, 8.90, '2026-12-01')
ON CONFLICT (id) DO NOTHING;

INSERT INTO stock_movements (hotel_id, product_id, lot_id, movement_type, quantity, unit_id, unit_cost, notes, created_by) VALUES
  ('bb000000-0000-0000-0000-000000000001', '30000000-cccc-0000-0000-000000000001', '84000000-0000-0000-0000-000000000001', 'reception', 10, '40000000-aaaa-0000-0000-000000000001', 18.50, 'GR-2026-001', '39ddbd5b-b543-467b-9793-f1ba94bc39d5'),
  ('bb000000-0000-0000-0000-000000000001', '30000000-cccc-0000-0000-000000000001', '84000000-0000-0000-0000-000000000001', 'consumption', -3.5, '40000000-aaaa-0000-0000-000000000001', 18.50, 'Servicio comidas', '39ddbd5b-b543-467b-9793-f1ba94bc39d5'),
  ('bb000000-0000-0000-0000-000000000001', '30000000-cccc-0000-0000-000000000002', '84000000-0000-0000-0000-000000000002', 'reception', 4.5, '40000000-aaaa-0000-0000-000000000001', 14.00, 'GR-2026-001', '39ddbd5b-b543-467b-9793-f1ba94bc39d5'),
  ('bb000000-0000-0000-0000-000000000001', '30000000-cccc-0000-0000-000000000002', '84000000-0000-0000-0000-000000000002', 'consumption', -2.5, '40000000-aaaa-0000-0000-000000000001', 14.00, 'Servicio comidas', '39ddbd5b-b543-467b-9793-f1ba94bc39d5'),
  ('bb000000-0000-0000-0000-000000000001', '30000000-cccc-0000-0000-000000000007', '84000000-0000-0000-0000-000000000003', 'consumption', -17, '40000000-aaaa-0000-0000-000000000003', 8.90, 'Consumo semanal cocina', '39ddbd5b-b543-467b-9793-f1ba94bc39d5');

-- ─── PRICE HISTORY (with price increase to trigger escandallo alert) ─────────
INSERT INTO price_history (hotel_id, product_id, supplier_id, unit_price, unit_id, quantity, date, source) VALUES
  ('bb000000-0000-0000-0000-000000000001', '30000000-cccc-0000-0000-000000000001', '20000000-bbbb-0000-0000-000000000001', 16.00, '40000000-aaaa-0000-0000-000000000001', 10, '2026-03-01', 'receipt'),
  ('bb000000-0000-0000-0000-000000000001', '30000000-cccc-0000-0000-000000000001', '20000000-bbbb-0000-0000-000000000001', 17.50, '40000000-aaaa-0000-0000-000000000001', 8, '2026-03-15', 'receipt'),
  ('bb000000-0000-0000-0000-000000000001', '30000000-cccc-0000-0000-000000000001', '20000000-bbbb-0000-0000-000000000001', 18.50, '40000000-aaaa-0000-0000-000000000001', 10, '2026-04-03', 'receipt'),
  ('bb000000-0000-0000-0000-000000000001', '30000000-cccc-0000-0000-000000000003', '20000000-bbbb-0000-0000-000000000002', 78.00, '40000000-aaaa-0000-0000-000000000001', 2, '2026-03-01', 'receipt'),
  ('bb000000-0000-0000-0000-000000000001', '30000000-cccc-0000-0000-000000000003', '20000000-bbbb-0000-0000-000000000002', 85.00, '40000000-aaaa-0000-0000-000000000001', 3, '2026-04-01', 'receipt');

-- ─── CLIENTS ─────────────────────────────────────────────────────────────────
INSERT INTO clients (id, hotel_id, name, company, email, phone, notes) VALUES
  ('90000000-aaaa-0000-0000-000000000001', 'bb000000-0000-0000-0000-000000000001', 'Grupo Inditex', 'Inditex S.A.', 'eventos@inditex.com', '981 185 400', 'Eventos corporativos regulares'),
  ('90000000-aaaa-0000-0000-000000000002', 'bb000000-0000-0000-0000-000000000001', 'Familia Lopez', NULL, 'lopez@email.com', '666 111 222', 'VIP - comuniones anuales'),
  ('90000000-aaaa-0000-0000-000000000003', 'bb000000-0000-0000-0000-000000000001', 'Bodega Zarate', 'Bodegas Zarate S.L.', 'info@zarate.wine', '986 532 100', 'Cenas maridaje mensuales')
ON CONFLICT (id) DO NOTHING;

-- ─── RESTAURANT TABLES ───────────────────────────────────────────────────────
INSERT INTO restaurant_tables (id, hotel_id, name, zone, capacity) VALUES
  ('91000000-0000-0000-0000-000000000001', 'bb000000-0000-0000-0000-000000000001', 'Mesa 1', 'Sala Principal', 4),
  ('91000000-0000-0000-0000-000000000002', 'bb000000-0000-0000-0000-000000000001', 'Mesa 2', 'Sala Principal', 4),
  ('91000000-0000-0000-0000-000000000003', 'bb000000-0000-0000-0000-000000000001', 'Mesa 3', 'Sala Principal', 6),
  ('91000000-0000-0000-0000-000000000004', 'bb000000-0000-0000-0000-000000000001', 'Mesa 4', 'Terraza', 4),
  ('91000000-0000-0000-0000-000000000005', 'bb000000-0000-0000-0000-000000000001', 'Mesa 5', 'Terraza', 8),
  ('91000000-0000-0000-0000-000000000006', 'bb000000-0000-0000-0000-000000000001', 'Reservado', 'Privado', 12)
ON CONFLICT (id) DO NOTHING;

-- ─── TURNS ───────────────────────────────────────────────────────────────────
INSERT INTO turns (id, hotel_id, name, start_time, end_time) VALUES
  ('92000000-0000-0000-0000-000000000001', 'bb000000-0000-0000-0000-000000000001', 'Comida', '13:00', '16:00'),
  ('92000000-0000-0000-0000-000000000002', 'bb000000-0000-0000-0000-000000000001', 'Cena', '20:30', '23:30')
ON CONFLICT (id) DO NOTHING;

-- ─── RESERVATIONS (mix of statuses) ──────────────────────────────────────────
INSERT INTO reservations (id, hotel_id, customer_name, customer_phone, date, time, pax, table_id, turn_id, client_id, status, source, is_vip, is_group, notes) VALUES
  ('93000000-0000-0000-0000-000000000001', 'bb000000-0000-0000-0000-000000000001', 'Comida empresa Inditex', '981 185 400', '2026-04-05', '14:00', 12, '91000000-0000-0000-0000-000000000006', '92000000-0000-0000-0000-000000000001', '90000000-aaaa-0000-0000-000000000001', 'confirmed', 'phone', true, true, 'Menu degustacion. Sin gluten 2 pax.'),
  ('93000000-0000-0000-0000-000000000002', 'bb000000-0000-0000-0000-000000000001', 'Comunion Familia Lopez', '666 111 222', '2026-04-06', '14:30', 20, NULL, '92000000-0000-0000-0000-000000000001', '90000000-aaaa-0000-0000-000000000002', 'pending', 'phone', true, true, 'Confirmar mesa grande + terraza'),
  ('93000000-0000-0000-0000-000000000003', 'bb000000-0000-0000-0000-000000000001', 'Cena maridaje Zarate', '986 532 100', '2026-04-07', '21:00', 8, '91000000-0000-0000-0000-000000000005', '92000000-0000-0000-0000-000000000002', '90000000-aaaa-0000-0000-000000000003', 'confirmed', 'web', false, true, '4 vinos + 5 platos'),
  ('93000000-0000-0000-0000-000000000004', 'bb000000-0000-0000-0000-000000000001', 'Maria Garcia', '622 333 444', '2026-04-04', '21:30', 2, '91000000-0000-0000-0000-000000000001', '92000000-0000-0000-0000-000000000002', NULL, 'confirmed', 'thefork', false, false, NULL),
  ('93000000-0000-0000-0000-000000000005', 'bb000000-0000-0000-0000-000000000001', 'Pedro Fernandez', '677 555 666', '2026-04-04', '14:00', 4, '91000000-0000-0000-0000-000000000003', '92000000-0000-0000-0000-000000000001', NULL, 'no_show', 'walk_in', false, false, 'No se presento')
ON CONFLICT (id) DO NOTHING;

-- ─── STAFF MEMBERS ───────────────────────────────────────────────────────────
INSERT INTO staff_members (id, hotel_id, full_name, role, contract_type, hourly_cost, phone) VALUES
  ('94000000-0000-0000-0000-000000000001', 'bb000000-0000-0000-0000-000000000001', 'Chisco Jimenez', 'head_chef', 'full_time', 22.00, '666 000 001'),
  ('94000000-0000-0000-0000-000000000002', 'bb000000-0000-0000-0000-000000000001', 'Laura Mendez', 'sous_chef', 'full_time', 18.00, '666 000 002'),
  ('94000000-0000-0000-0000-000000000003', 'bb000000-0000-0000-0000-000000000001', 'Miguel Torres', 'cook', 'full_time', 14.00, '666 000 003'),
  ('94000000-0000-0000-0000-000000000004', 'bb000000-0000-0000-0000-000000000001', 'Ana Rios', 'waiter', 'part_time', 12.00, '666 000 004'),
  ('94000000-0000-0000-0000-000000000005', 'bb000000-0000-0000-0000-000000000001', 'Carlos Varela', 'waiter', 'full_time', 13.00, '666 000 005'),
  ('94000000-0000-0000-0000-000000000006', 'bb000000-0000-0000-0000-000000000001', 'Sofia Castro', 'pastry', 'full_time', 16.00, '666 000 006')
ON CONFLICT (id) DO NOTHING;

-- ─── STAFF SHIFTS (some unconfirmed = alert) ─────────────────────────────────
INSERT INTO staff_shifts (hotel_id, staff_id, shift_date, start_time, end_time, status, created_by) VALUES
  ('bb000000-0000-0000-0000-000000000001', '94000000-0000-0000-0000-000000000001', '2026-04-04', '09:00', '17:00', 'confirmed', '39ddbd5b-b543-467b-9793-f1ba94bc39d5'),
  ('bb000000-0000-0000-0000-000000000001', '94000000-0000-0000-0000-000000000002', '2026-04-04', '09:00', '17:00', 'confirmed', '39ddbd5b-b543-467b-9793-f1ba94bc39d5'),
  ('bb000000-0000-0000-0000-000000000001', '94000000-0000-0000-0000-000000000003', '2026-04-04', '10:00', '18:00', 'scheduled', '39ddbd5b-b543-467b-9793-f1ba94bc39d5'),
  ('bb000000-0000-0000-0000-000000000001', '94000000-0000-0000-0000-000000000004', '2026-04-04', '12:00', '16:00', 'scheduled', '39ddbd5b-b543-467b-9793-f1ba94bc39d5'),
  ('bb000000-0000-0000-0000-000000000001', '94000000-0000-0000-0000-000000000005', '2026-04-04', '19:00', '23:30', 'scheduled', '39ddbd5b-b543-467b-9793-f1ba94bc39d5'),
  ('bb000000-0000-0000-0000-000000000001', '94000000-0000-0000-0000-000000000001', '2026-04-05', '09:00', '17:00', 'scheduled', '39ddbd5b-b543-467b-9793-f1ba94bc39d5'),
  ('bb000000-0000-0000-0000-000000000001', '94000000-0000-0000-0000-000000000006', '2026-04-05', '08:00', '16:00', 'scheduled', '39ddbd5b-b543-467b-9793-f1ba94bc39d5');

-- ─── APPCC: CHECK TEMPLATES ──────────────────────────────────────────────────
INSERT INTO check_templates (id, hotel_id, name, check_type, frequency, description, min_value, max_value, unit, sort_order, created_by) VALUES
  ('95000000-0000-0000-0000-000000000001', 'bb000000-0000-0000-0000-000000000001', 'Camara frigorifica principal', 'temperatura', 'diario', 'Temp camara frio principal', 0, 5, 'C', 1, '39ddbd5b-b543-467b-9793-f1ba94bc39d5'),
  ('95000000-0000-0000-0000-000000000002', 'bb000000-0000-0000-0000-000000000001', 'Congelador', 'temperatura', 'diario', 'Temp congelador', -22, -16, 'C', 2, '39ddbd5b-b543-467b-9793-f1ba94bc39d5'),
  ('95000000-0000-0000-0000-000000000003', 'bb000000-0000-0000-0000-000000000001', 'Limpieza cocina', 'limpieza', 'diario', 'Control limpieza zona cocina', NULL, NULL, NULL, 3, '39ddbd5b-b543-467b-9793-f1ba94bc39d5'),
  ('95000000-0000-0000-0000-000000000004', 'bb000000-0000-0000-0000-000000000001', 'Recepcion mercancias', 'recepcion', 'por_recepcion', 'Control temp y estado mercancia', NULL, NULL, NULL, 4, '39ddbd5b-b543-467b-9793-f1ba94bc39d5'),
  ('95000000-0000-0000-0000-000000000005', 'bb000000-0000-0000-0000-000000000001', 'Aceite fritura', 'aceite_fritura', 'diario', 'Control polares aceite freidora', 0, 25, '%', 5, '39ddbd5b-b543-467b-9793-f1ba94bc39d5')
ON CONFLICT (id) DO NOTHING;

-- ─── APPCC: CHECK RECORDS (with one critical) ───────────────────────────────
INSERT INTO check_records (id, hotel_id, template_id, check_date, value, status, notes, checked_by, checked_by_name) VALUES
  ('96000000-0000-0000-0000-000000000001', 'bb000000-0000-0000-0000-000000000001', '95000000-0000-0000-0000-000000000001', '2026-04-04', 3.2, 'ok', NULL, '39ddbd5b-b543-467b-9793-f1ba94bc39d5', 'Israel'),
  ('96000000-0000-0000-0000-000000000002', 'bb000000-0000-0000-0000-000000000001', '95000000-0000-0000-0000-000000000002', '2026-04-04', -18.5, 'ok', NULL, '39ddbd5b-b543-467b-9793-f1ba94bc39d5', 'Israel'),
  ('96000000-0000-0000-0000-000000000003', 'bb000000-0000-0000-0000-000000000001', '95000000-0000-0000-0000-000000000005', '2026-04-04', 28, 'critico', 'Polares al 28%. Supera limite. Cambiar aceite inmediatamente.', '39ddbd5b-b543-467b-9793-f1ba94bc39d5', 'Israel'),
  ('96000000-0000-0000-0000-000000000004', 'bb000000-0000-0000-0000-000000000001', '95000000-0000-0000-0000-000000000001', '2026-04-03', 4.8, 'alerta', 'Temp alta, revisar puerta', '39ddbd5b-b543-467b-9793-f1ba94bc39d5', 'Israel'),
  ('96000000-0000-0000-0000-000000000005', 'bb000000-0000-0000-0000-000000000001', '95000000-0000-0000-0000-000000000003', '2026-04-04', NULL, 'ok', 'Limpieza completa', '39ddbd5b-b543-467b-9793-f1ba94bc39d5', 'Israel')
ON CONFLICT (id) DO NOTHING;

-- ─── APPCC: INCIDENTS (open critical) ────────────────────────────────────────
INSERT INTO appcc_incidents (id, hotel_id, record_id, incident_date, title, description, severity, status, reported_by, reported_by_name) VALUES
  ('97000000-0000-0000-0000-000000000001', 'bb000000-0000-0000-0000-000000000001', '96000000-0000-0000-0000-000000000003', '2026-04-04', 'Aceite fritura fuera de limite', 'Polares al 28% (limite 25%). Aceite freidora principal debe cambiarse inmediatamente.', 'critical', 'open', '39ddbd5b-b543-467b-9793-f1ba94bc39d5', 'Israel')
ON CONFLICT (id) DO NOTHING;

-- ─── APPCC: DAILY CLOSURE ────────────────────────────────────────────────────
INSERT INTO appcc_daily_closures (hotel_id, closure_date, status, total_checks, ok_count, alert_count, critical_count, completion_pct, incidents_open) VALUES
  ('bb000000-0000-0000-0000-000000000001', '2026-04-04', 'open', 5, 3, 1, 1, 60.00, 1),
  ('bb000000-0000-0000-0000-000000000001', '2026-04-03', 'completed', 5, 4, 1, 0, 100.00, 0)
ON CONFLICT (hotel_id, closure_date) DO NOTHING;

-- ─── SALES DATA (for menu engineering) ───────────────────────────────────────
INSERT INTO sales_data (hotel_id, recipe_id, sale_date, menu_id, quantity_sold, unit_price, source) VALUES
  ('bb000000-0000-0000-0000-000000000001', '60000000-aaaa-0000-0000-000000000001', '2026-04-03', '70000000-aaaa-0000-0000-000000000001', 12, 18.00, 'manual'),
  ('bb000000-0000-0000-0000-000000000001', '60000000-aaaa-0000-0000-000000000002', '2026-04-03', '70000000-aaaa-0000-0000-000000000001', 8, 22.00, 'manual'),
  ('bb000000-0000-0000-0000-000000000001', '60000000-aaaa-0000-0000-000000000003', '2026-04-03', '70000000-aaaa-0000-0000-000000000001', 6, 38.00, 'manual'),
  ('bb000000-0000-0000-0000-000000000001', '60000000-aaaa-0000-0000-000000000004', '2026-04-03', '70000000-aaaa-0000-0000-000000000001', 15, 8.00, 'manual'),
  ('bb000000-0000-0000-0000-000000000001', '60000000-aaaa-0000-0000-000000000005', '2026-04-03', '70000000-aaaa-0000-0000-000000000001', 3, 9.00, 'manual'),
  ('bb000000-0000-0000-0000-000000000001', '60000000-aaaa-0000-0000-000000000001', '2026-04-02', '70000000-aaaa-0000-0000-000000000001', 10, 18.00, 'manual'),
  ('bb000000-0000-0000-0000-000000000001', '60000000-aaaa-0000-0000-000000000002', '2026-04-02', '70000000-aaaa-0000-0000-000000000001', 6, 22.00, 'manual'),
  ('bb000000-0000-0000-0000-000000000001', '60000000-aaaa-0000-0000-000000000003', '2026-04-02', '70000000-aaaa-0000-0000-000000000001', 4, 38.00, 'manual'),
  ('bb000000-0000-0000-0000-000000000001', '60000000-aaaa-0000-0000-000000000004', '2026-04-02', '70000000-aaaa-0000-0000-000000000001', 18, 8.00, 'manual'),
  ('bb000000-0000-0000-0000-000000000001', '60000000-aaaa-0000-0000-000000000005', '2026-04-02', '70000000-aaaa-0000-0000-000000000001', 2, 9.00, 'manual');

-- ─── FACTURAS RECIBIDAS (one with discrepancy) ──────────────────────────────
INSERT INTO facturas_recibidas (id, hotel_id, supplier_id, fecha_factura, numero_factura, subtotal, iva, total, estado, confianza_ocr) VALUES
  ('98000000-0000-0000-0000-000000000001', 'bb000000-0000-0000-0000-000000000001', '20000000-bbbb-0000-0000-000000000001', '2026-04-03', 'F-2026-0341', 248.00, 24.80, 272.80, 'procesada', 95),
  ('98000000-0000-0000-0000-000000000002', 'bb000000-0000-0000-0000-000000000001', '20000000-bbbb-0000-0000-000000000002', '2026-04-01', 'F-2026-0892', 510.00, 51.00, 561.00, 'discrepancia', 88)
ON CONFLICT (id) DO NOTHING;

INSERT INTO lineas_factura (factura_id, hotel_id, descripcion, cantidad, precio_unitario, total_linea, product_id) VALUES
  ('98000000-0000-0000-0000-000000000001', 'bb000000-0000-0000-0000-000000000001', 'Pulpo fresco', 10, 18.50, 185.00, '30000000-cccc-0000-0000-000000000001'),
  ('98000000-0000-0000-0000-000000000001', 'bb000000-0000-0000-0000-000000000001', 'Merluza fresca', 4.5, 14.00, 63.00, '30000000-cccc-0000-0000-000000000002'),
  ('98000000-0000-0000-0000-000000000002', 'bb000000-0000-0000-0000-000000000001', 'Jamon iberico bellota', 3, 90.00, 270.00, '30000000-cccc-0000-0000-000000000003'),
  ('98000000-0000-0000-0000-000000000002', 'bb000000-0000-0000-0000-000000000001', 'Chuleton buey madurado', 5, 48.00, 240.00, '30000000-cccc-0000-0000-000000000004');

-- ─── KPI SNAPSHOTS ───────────────────────────────────────────────────────────
INSERT INTO kpi_snapshots (hotel_id, period_type, period_date, data) VALUES
  ('bb000000-0000-0000-0000-000000000001', 'daily', '2026-04-03', '{"revenue": 1842.00, "covers": 44, "avg_ticket": 41.86, "food_cost_pct": 31.2, "labor_cost_pct": 28.5, "waste_pct": 2.1}'),
  ('bb000000-0000-0000-0000-000000000001', 'daily', '2026-04-02', '{"revenue": 1560.00, "covers": 38, "avg_ticket": 41.05, "food_cost_pct": 30.8, "labor_cost_pct": 29.1, "waste_pct": 1.8}'),
  ('bb000000-0000-0000-0000-000000000001', 'weekly', '2026-03-31', '{"revenue": 9850.00, "covers": 245, "avg_ticket": 40.20, "food_cost_pct": 31.5, "labor_cost_pct": 28.8, "waste_pct": 2.0}')
ON CONFLICT (hotel_id, period_type, period_date) DO NOTHING;

-- ─── ALERTS (real alerts that should show in dashboard) ──────────────────────
INSERT INTO alerts (hotel_id, alert_type, severity, title, message, entity_type, entity_id) VALUES
  ('bb000000-0000-0000-0000-000000000001', 'appcc_critical', 'critical', 'APPCC: Aceite fritura fuera de limite', 'Polares al 28% (max 25%). Cambiar aceite freidora inmediatamente.', 'appcc_incident', '97000000-0000-0000-0000-000000000001'),
  ('bb000000-0000-0000-0000-000000000001', 'stock_low', 'warning', 'Stock bajo: Aceite de oliva virgen extra', 'Solo quedan 3L de aceite AOVE (minimo recomendado: 10L).', 'product', '30000000-cccc-0000-0000-000000000007'),
  ('bb000000-0000-0000-0000-000000000001', 'price_increase', 'warning', 'Subida precio: Pulpo fresco +15.6%', 'Pulpo paso de 16.00 a 18.50 EUR/kg en el ultimo mes. Revisar escandallo.', 'product', '30000000-cccc-0000-0000-000000000001'),
  ('bb000000-0000-0000-0000-000000000001', 'price_increase', 'warning', 'Subida precio: Jamon iberico +8.97%', 'Jamon iberico paso de 78.00 a 85.00 EUR/kg. Impacto en margen.', 'product', '30000000-cccc-0000-0000-000000000003'),
  ('bb000000-0000-0000-0000-000000000001', 'expiry_near', 'warning', 'Caducidad proxima: Merluza fresca', 'Lote LOT-MER-001 (2.0 kg) caduca manana 2026-04-05. Usar o congelar.', 'stock_lot', '84000000-0000-0000-0000-000000000002'),
  ('bb000000-0000-0000-0000-000000000001', 'receipt_incident', 'info', 'Incidencia recepcion: Merluza cantidad incorrecta', 'PO-2026-001 linea merluza: pedido 5kg, recibido 4.5kg.', 'goods_receipt', '82000000-aaaa-0000-0000-000000000001'),
  ('bb000000-0000-0000-0000-000000000001', 'invoice_discrepancy', 'warning', 'Discrepancia factura F-2026-0892', 'Precio jamon iberico en factura (90 EUR/kg) no coincide con pedido (85 EUR/kg). Diferencia: +15 EUR.', 'factura', '98000000-0000-0000-0000-000000000002'),
  ('bb000000-0000-0000-0000-000000000001', 'shift_unconfirmed', 'info', '3 turnos sin confirmar para manana', 'Miguel Torres, Ana Rios y Carlos Varela tienen turnos programados sin confirmar para 2026-04-05.', NULL, NULL);

-- ─── FEEDBACK TICKET ─────────────────────────────────────────────────────────
INSERT INTO feedback_tickets (hotel_id, tenant_id, type, title, description, status, priority, created_by, created_by_name, created_by_email) VALUES
  ('bb000000-0000-0000-0000-000000000001', 'aa000000-0000-0000-0000-000000000001', 'feature', 'Exportar escandallos a PDF', 'Necesito poder exportar los escandallos en PDF para enviarselos al contable.', 'open', 'medium', '39ddbd5b-b543-467b-9793-f1ba94bc39d5', 'Israel', 'raisada1001@gmail.com')
ON CONFLICT DO NOTHING;
